,ObsList
0,CF4c
1,TSI3010
2,Picarro1Water
3,525nmScattering
4,16O-13C-16O
5,TC3
6,Humidity
7,Almos2WS
8,PreReactorPressure
9,SF6c
10,HFC-32c
11,HourlyMean
12,BScatt635nm
13,Flow
14,ws50
15,DMTCCN1
16,HURD3
17,vmws50
18,wd10
19,TC4
20,635nmScattering
21,Tekran2A
22,CCl4c
23,TSI37762
24,ws10
25,Almos2DBT
26,ws30
27,16O-12C-16O
28,450nmScattering
29,PLCPressure
30,BScatt450nm
31,Almos1WD
32,OutsideTemp
33,vmws30
34,wd30
35,HFC-236fac
36,wd50
37,Almos2
38,CFC-11c
39,HourlyMax
40,InletTemp
41,HourlyMin
42,Picarro1CO2Dry
43,OrificePress
44,BlackCarbon
45,COGCMD
46,16O-12C-18O
47,wd70
48,TScatt450nm
49,TSI3776
50,vmwd10
51,ReactChamberPressure
52,N2OPicarro
53,PCEc
54,SampleRH
55,CompressorRoom
56,Airflow
57,HURD3TankP
58,ws70
59,SampleTemp
60,GEDewpoint
61,Picarro2CH4
62,PumpPress
63,DAS
64,Tekran1A
65,Tekran2B
66,smws50
67,Loflo
68,smwd50
69,InternalTemp
70,vmws10
71,Almos1WS
72,VolumeFlow
73,HFC-134ac
74,SystemTemp
75,Teco6
76,Almos1
77,NOxVacuumPress
78,DMTCCN2
79,Picarro1CH4
80,smws30
81,BHURD
82,Fridge1
83,HURD3ExFlow
84,TScatt525nm
85,vmwd30
86,16O-12C-17O
87,HeadTemp
88,RawCount
89,BHURDTankP
90,Almos1DBT
91,BHURDExFlow
92,Pressure
93,COPicarro
94,N2OGCMD
95,PicarroN2O-COWater
96,AirTemp
97,Picarro2CO2Dry
98,CellTemp
99,vmwd50
100,Fridge2
101,BScatt525nm
102,ChemLab
103,PhotoConvTemp
104,ReactChamberTemp
105,MainLab
106,Teco7
107,TekranAB
108,HCFC-22c
109,smwd10
110,Almos2WD
111,Picarro2Water
112,Press
113,MassFlow
114,NOxOzoniserPress
115,Tekran1B
116,InletPressure
117,smwd30
118,CH1Hz
119,smws10
120,TekranAA
121,CFC-12c
122,H2PDDc
123,TSI3772
124,BCmass
125,CH4GCMD
126,BaroPress
127,TScatt635nm
128,Temp
